canonical,aliases,meaning,partOfSpeech,domain,level,example,sourceTag,reviewStatus
maram aduna,,therefore,phrase,grammar,chat,maram aduna asi MayekAma database-da candidate word ni.,build12-chat-article-growth,needs_review
oina,,as,particle,grammar,chat,oina asi MayekAma database-da candidate word ni.,build12-chat-article-growth,needs_review
sing,,plural marker,particle,grammar,chat,sing asi MayekAma database-da candidate word ni.,build12-chat-article-growth,needs_review
dagi,,from,particle,grammar,chat,dagi asi MayekAma database-da candidate word ni.,build12-chat-article-growth,needs_review
ta,,at to,particle,grammar,chat,ta asi MayekAma database-da candidate word ni.,build12-chat-article-growth,needs_review
ga,,with,particle,grammar,chat,ga asi MayekAma database-da candidate word ni.,build12-chat-article-growth,needs_review
gum,,like,particle,grammar,chat,gum asi MayekAma database-da candidate word ni.,build12-chat-article-growth,needs_review
gumna,,like that,phrase,grammar,chat,gumna asi MayekAma database-da candidate word ni.,build12-chat-article-growth,needs_review
hainaba,,to say that,phrase,grammar,chat,hainaba asi MayekAma database-da candidate word ni.,build12-chat-article-growth,needs_review
haina,,saying,phrase,grammar,chat,haina asi MayekAma database-da candidate word ni.,build12-chat-article-growth,needs_review
oiragadi,,if it becomes,phrase,grammar,chat,oiragadi asi MayekAma database-da candidate word ni.,build12-chat-article-growth,needs_review
nattrabadi,,otherwise,phrase,grammar,chat,nattrabadi asi MayekAma database-da candidate word ni.,build12-chat-article-growth,needs_review
madu oina,,as that,phrase,grammar,chat,madu oina asi MayekAma database-da candidate word ni.,build12-chat-article-growth,needs_review
masi oina,,as this,phrase,grammar,chat,masi oina asi MayekAma database-da candidate word ni.,build12-chat-article-growth,needs_review
tangai,,urgent,phrase,grammar,chat,tangai asi MayekAma database-da candidate word ni.,build12-chat-article-growth,needs_review
matamda,,on time,phrase,grammar,chat,matamda asi MayekAma database-da candidate word ni.,build12-chat-article-growth,needs_review
chang,,amount level,phrase,grammar,chat,chang asi MayekAma database-da candidate word ni.,build12-chat-article-growth,needs_review
achaouba,,big,phrase,grammar,chat,achaouba asi MayekAma database-da candidate word ni.,build12-chat-article-growth,needs_review
matam kaya,,what time,noun,time,chat,matam kaya asi MayekAma database-da candidate word ni.,build12-chat-article-growth,needs_review
houjikta,,right now,noun,time,chat,houjikta asi MayekAma database-da candidate word ni.,build12-chat-article-growth,needs_review
tungda lakpa,,coming later,noun,time,chat,tungda lakpa asi MayekAma database-da candidate word ni.,build12-chat-article-growth,needs_review
numit khuding,,every day,noun,time,chat,numit khuding asi MayekAma database-da candidate word ni.,build12-chat-article-growth,needs_review
january,,January,noun,time,chat,january asi MayekAma database-da candidate word ni.,build12-chat-article-growth,needs_review
february,,February,noun,time,chat,february asi MayekAma database-da candidate word ni.,build12-chat-article-growth,needs_review
march,,March,noun,time,chat,march asi MayekAma database-da candidate word ni.,build12-chat-article-growth,needs_review
april,,April,noun,time,chat,april asi MayekAma database-da candidate word ni.,build12-chat-article-growth,needs_review
may,,May,noun,time,chat,may asi MayekAma database-da candidate word ni.,build12-chat-article-growth,needs_review
june,,June,noun,time,chat,june asi MayekAma database-da candidate word ni.,build12-chat-article-growth,needs_review
july,,July,noun,time,chat,july asi MayekAma database-da candidate word ni.,build12-chat-article-growth,needs_review
august,,August,noun,time,chat,august asi MayekAma database-da candidate word ni.,build12-chat-article-growth,needs_review
september,,September,noun,time,chat,september asi MayekAma database-da candidate word ni.,build12-chat-article-growth,needs_review
october,,October,noun,time,chat,october asi MayekAma database-da candidate word ni.,build12-chat-article-growth,needs_review
november,,November,noun,time,chat,november asi MayekAma database-da candidate word ni.,build12-chat-article-growth,needs_review
december,,December,noun,time,chat,december asi MayekAma database-da candidate word ni.,build12-chat-article-growth,needs_review
karigidamak,,why,phrase,question,chat,karigidamak asi MayekAma database-da candidate word ni.,build12-chat-article-growth,needs_review
kaya,,how much many,phrase,question,chat,kaya asi MayekAma database-da candidate word ni.,build12-chat-article-growth,needs_review
kanagino,,whose,phrase,question,chat,kanagino asi MayekAma database-da candidate word ni.,build12-chat-article-growth,needs_review
kadaida leiri,,where are you,phrase,question,chat,kadaida leiri asi MayekAma database-da candidate word ni.,build12-chat-article-growth,needs_review
kari oigani,,what will happen,phrase,question,chat,kari oigani asi MayekAma database-da candidate word ni.,build12-chat-article-growth,needs_review
karamba numit,,which day,phrase,question,chat,karamba numit asi MayekAma database-da candidate word ni.,build12-chat-article-growth,needs_review
nathe,,no,phrase,question,chat,nathe asi MayekAma database-da candidate word ni.,build12-chat-article-growth,needs_review
yaroi,,not okay,phrase,question,chat,yaroi asi MayekAma database-da candidate word ni.,build12-chat-article-growth,needs_review
ngairi,,waiting,phrase,question,chat,ngairi asi MayekAma database-da candidate word ni.,build12-chat-article-growth,needs_review
chat-u,,go please,phrase,question,chat,chat-u asi MayekAma database-da candidate word ni.,build12-chat-article-growth,needs_review
thajade,,do not believe,phrase,question,chat,thajade asi MayekAma database-da candidate word ni.,build12-chat-article-growth,needs_review
eingonda,,to me,pronoun,pronoun,chat,eingonda asi MayekAma database-da candidate word ni.,build12-chat-article-growth,needs_review
nangna,,you by,pronoun,pronoun,chat,nangna asi MayekAma database-da candidate word ni.,build12-chat-article-growth,needs_review
adomgi,,your respectful,pronoun,pronoun,chat,adomgi asi MayekAma database-da candidate word ni.,build12-chat-article-growth,needs_review
adomna,,you respectful by,pronoun,pronoun,chat,adomna asi MayekAma database-da candidate word ni.,build12-chat-article-growth,needs_review
adomda,,to you respectful,pronoun,pronoun,chat,adomda asi MayekAma database-da candidate word ni.,build12-chat-article-growth,needs_review
mana,,he she by,pronoun,pronoun,chat,mana asi MayekAma database-da candidate word ni.,build12-chat-article-growth,needs_review
mada,,to him her,pronoun,pronoun,chat,mada asi MayekAma database-da candidate word ni.,build12-chat-article-growth,needs_review
makhoina,,they by,pronoun,pronoun,chat,makhoina asi MayekAma database-da candidate word ni.,build12-chat-article-growth,needs_review
eikhoina,,we by,pronoun,pronoun,chat,eikhoina asi MayekAma database-da candidate word ni.,build12-chat-article-growth,needs_review
nakhoina,,you all by,pronoun,pronoun,chat,nakhoina asi MayekAma database-da candidate word ni.,build12-chat-article-growth,needs_review
chatre,,is go / happened,verb-form,verb,chat,chatre asi MayekAma database-da candidate word ni.,build12-chat-article-growth,needs_review
chatroi,,will not go,verb-form,verb,chat,chatroi asi MayekAma database-da candidate word ni.,build12-chat-article-growth,needs_review
chatde,,does not go,verb-form,verb,chat,chatde asi MayekAma database-da candidate word ni.,build12-chat-article-growth,needs_review
chatdra,,did not go,verb-form,verb,chat,chatdra asi MayekAma database-da candidate word ni.,build12-chat-article-growth,needs_review
chatu,,please go,verb-form,verb,chat,chatu asi MayekAma database-da candidate word ni.,build12-chat-article-growth,needs_review
chatbirak-u,,please go for me,verb-form,verb,chat,chatbirak-u asi MayekAma database-da candidate word ni.,build12-chat-article-growth,needs_review
chatnaba,,for going,verb-form,verb,chat,chatnaba asi MayekAma database-da candidate word ni.,build12-chat-article-growth,needs_review
lakli,,is comeing,verb-form,verb,chat,lakli asi MayekAma database-da candidate word ni.,build12-chat-article-growth,needs_review
lakre,,is come / happened,verb-form,verb,chat,lakre asi MayekAma database-da candidate word ni.,build12-chat-article-growth,needs_review
lakroi,,will not come,verb-form,verb,chat,lakroi asi MayekAma database-da candidate word ni.,build12-chat-article-growth,needs_review
lakde,,does not come,verb-form,verb,chat,lakde asi MayekAma database-da candidate word ni.,build12-chat-article-growth,needs_review
lakdra,,did not come,verb-form,verb,chat,lakdra asi MayekAma database-da candidate word ni.,build12-chat-article-growth,needs_review
laku,,please come,verb-form,verb,chat,laku asi MayekAma database-da candidate word ni.,build12-chat-article-growth,needs_review
lakbirak-u,,please come for me,verb-form,verb,chat,lakbirak-u asi MayekAma database-da candidate word ni.,build12-chat-article-growth,needs_review
laknaba,,for comeing,verb-form,verb,chat,laknaba asi MayekAma database-da candidate word ni.,build12-chat-article-growth,needs_review
chali,,is eating,verb-form,verb,chat,chali asi MayekAma database-da candidate word ni.,build12-chat-article-growth,needs_review
chale,,has eat / done,verb-form,verb,chat,chale asi MayekAma database-da candidate word ni.,build12-chat-article-growth,needs_review
charoi,,will not eat,verb-form,verb,chat,charoi asi MayekAma database-da candidate word ni.,build12-chat-article-growth,needs_review
chade,,does not eat,verb-form,verb,chat,chade asi MayekAma database-da candidate word ni.,build12-chat-article-growth,needs_review
chadra,,did not eat,verb-form,verb,chat,chadra asi MayekAma database-da candidate word ni.,build12-chat-article-growth,needs_review
chau,,please eat,verb-form,verb,chat,chau asi MayekAma database-da candidate word ni.,build12-chat-article-growth,needs_review
chabirak-u,,please eat for me,verb-form,verb,chat,chabirak-u asi MayekAma database-da candidate word ni.,build12-chat-article-growth,needs_review
chanaba,,for eating,verb-form,verb,chat,chanaba asi MayekAma database-da candidate word ni.,build12-chat-article-growth,needs_review
thakba,,to drink,verb-form,verb,chat,thakba asi MayekAma database-da candidate word ni.,build12-chat-article-growth,needs_review
thakli,,is drinking,verb-form,verb,chat,thakli asi MayekAma database-da candidate word ni.,build12-chat-article-growth,needs_review
thakle,,has drink / done,verb-form,verb,chat,thakle asi MayekAma database-da candidate word ni.,build12-chat-article-growth,needs_review
thakre,,is drink / happened,verb-form,verb,chat,thakre asi MayekAma database-da candidate word ni.,build12-chat-article-growth,needs_review
thakgani,,will drink,verb-form,verb,chat,thakgani asi MayekAma database-da candidate word ni.,build12-chat-article-growth,needs_review
thakroi,,will not drink,verb-form,verb,chat,thakroi asi MayekAma database-da candidate word ni.,build12-chat-article-growth,needs_review
thakde,,does not drink,verb-form,verb,chat,thakde asi MayekAma database-da candidate word ni.,build12-chat-article-growth,needs_review
thakdra,,did not drink,verb-form,verb,chat,thakdra asi MayekAma database-da candidate word ni.,build12-chat-article-growth,needs_review
thaku,,please drink,verb-form,verb,chat,thaku asi MayekAma database-da candidate word ni.,build12-chat-article-growth,needs_review
thakbirak-u,,please drink for me,verb-form,verb,chat,thakbirak-u asi MayekAma database-da candidate word ni.,build12-chat-article-growth,needs_review
thaknaba,,for drinking,verb-form,verb,chat,thaknaba asi MayekAma database-da candidate word ni.,build12-chat-article-growth,needs_review
tumli,,is sleeping,verb-form,verb,chat,tumli asi MayekAma database-da candidate word ni.,build12-chat-article-growth,needs_review
tumle,,has sleep / done,verb-form,verb,chat,tumle asi MayekAma database-da candidate word ni.,build12-chat-article-growth,needs_review
tumroi,,will not sleep,verb-form,verb,chat,tumroi asi MayekAma database-da candidate word ni.,build12-chat-article-growth,needs_review
tumde,,does not sleep,verb-form,verb,chat,tumde asi MayekAma database-da candidate word ni.,build12-chat-article-growth,needs_review
tumdra,,did not sleep,verb-form,verb,chat,tumdra asi MayekAma database-da candidate word ni.,build12-chat-article-growth,needs_review
tumu,,please sleep,verb-form,verb,chat,tumu asi MayekAma database-da candidate word ni.,build12-chat-article-growth,needs_review
tumbirak-u,,please sleep for me,verb-form,verb,chat,tumbirak-u asi MayekAma database-da candidate word ni.,build12-chat-article-growth,needs_review
tumnaba,,for sleeping,verb-form,verb,chat,tumnaba asi MayekAma database-da candidate word ni.,build12-chat-article-growth,needs_review
houli,,is start wakeing,verb-form,verb,chat,houli asi MayekAma database-da candidate word ni.,build12-chat-article-growth,needs_review
houle,,has start wake / done,verb-form,verb,chat,houle asi MayekAma database-da candidate word ni.,build12-chat-article-growth,needs_review
houroi,,will not start wake,verb-form,verb,chat,houroi asi MayekAma database-da candidate word ni.,build12-chat-article-growth,needs_review
houde,,does not start wake,verb-form,verb,chat,houde asi MayekAma database-da candidate word ni.,build12-chat-article-growth,needs_review
houdra,,did not start wake,verb-form,verb,chat,houdra asi MayekAma database-da candidate word ni.,build12-chat-article-growth,needs_review
houu,,please start wake,verb-form,verb,chat,houu asi MayekAma database-da candidate word ni.,build12-chat-article-growth,needs_review
houbirak-u,,please start wake for me,verb-form,verb,chat,houbirak-u asi MayekAma database-da candidate word ni.,build12-chat-article-growth,needs_review
hounaba,,for start wakeing,verb-form,verb,chat,hounaba asi MayekAma database-da candidate word ni.,build12-chat-article-growth,needs_review
haili,,is say speaking,verb-form,verb,chat,haili asi MayekAma database-da candidate word ni.,build12-chat-article-growth,needs_review
haile,,has say speak / done,verb-form,verb,chat,haile asi MayekAma database-da candidate word ni.,build12-chat-article-growth,needs_review
haire,,is say speak / happened,verb-form,verb,chat,haire asi MayekAma database-da candidate word ni.,build12-chat-article-growth,needs_review
haigani,,will say speak,verb-form,verb,chat,haigani asi MayekAma database-da candidate word ni.,build12-chat-article-growth,needs_review
hairoi,,will not say speak,verb-form,verb,chat,hairoi asi MayekAma database-da candidate word ni.,build12-chat-article-growth,needs_review
haide,,does not say speak,verb-form,verb,chat,haide asi MayekAma database-da candidate word ni.,build12-chat-article-growth,needs_review
haidra,,did not say speak,verb-form,verb,chat,haidra asi MayekAma database-da candidate word ni.,build12-chat-article-growth,needs_review
haiu,,please say speak,verb-form,verb,chat,haiu asi MayekAma database-da candidate word ni.,build12-chat-article-growth,needs_review
haibirak-u,,please say speak for me,verb-form,verb,chat,haibirak-u asi MayekAma database-da candidate word ni.,build12-chat-article-growth,needs_review
yengli,,is see looking,verb-form,verb,chat,yengli asi MayekAma database-da candidate word ni.,build12-chat-article-growth,needs_review
yengroi,,will not see look,verb-form,verb,chat,yengroi asi MayekAma database-da candidate word ni.,build12-chat-article-growth,needs_review
yengde,,does not see look,verb-form,verb,chat,yengde asi MayekAma database-da candidate word ni.,build12-chat-article-growth,needs_review
yengdra,,did not see look,verb-form,verb,chat,yengdra asi MayekAma database-da candidate word ni.,build12-chat-article-growth,needs_review
yengu,,please see look,verb-form,verb,chat,yengu asi MayekAma database-da candidate word ni.,build12-chat-article-growth,needs_review
yengbirak-u,,please see look for me,verb-form,verb,chat,yengbirak-u asi MayekAma database-da candidate word ni.,build12-chat-article-growth,needs_review
yengnaba,,for see looking,verb-form,verb,chat,yengnaba asi MayekAma database-da candidate word ni.,build12-chat-article-growth,needs_review
pali,,is reading,verb-form,verb,chat,pali asi MayekAma database-da candidate word ni.,build12-chat-article-growth,needs_review
pale,,has read / done,verb-form,verb,chat,pale asi MayekAma database-da candidate word ni.,build12-chat-article-growth,needs_review
pare,,is read / happened,verb-form,verb,chat,pare asi MayekAma database-da candidate word ni.,build12-chat-article-growth,needs_review
pagani,,will read,verb-form,verb,chat,pagani asi MayekAma database-da candidate word ni.,build12-chat-article-growth,needs_review
paroi,,will not read,verb-form,verb,chat,paroi asi MayekAma database-da candidate word ni.,build12-chat-article-growth,needs_review
pade,,does not read,verb-form,verb,chat,pade asi MayekAma database-da candidate word ni.,build12-chat-article-growth,needs_review
padra,,did not read,verb-form,verb,chat,padra asi MayekAma database-da candidate word ni.,build12-chat-article-growth,needs_review
pau,,please read,verb-form,verb,chat,pau asi MayekAma database-da candidate word ni.,build12-chat-article-growth,needs_review
pabirak-u,,please read for me,verb-form,verb,chat,pabirak-u asi MayekAma database-da candidate word ni.,build12-chat-article-growth,needs_review
panaba,,for reading,verb-form,verb,chat,panaba asi MayekAma database-da candidate word ni.,build12-chat-article-growth,needs_review
eili,,is writeing,verb-form,verb,chat,eili asi MayekAma database-da candidate word ni.,build12-chat-article-growth,needs_review
eiroi,,will not write,verb-form,verb,chat,eiroi asi MayekAma database-da candidate word ni.,build12-chat-article-growth,needs_review
eide,,does not write,verb-form,verb,chat,eide asi MayekAma database-da candidate word ni.,build12-chat-article-growth,needs_review
eidra,,did not write,verb-form,verb,chat,eidra asi MayekAma database-da candidate word ni.,build12-chat-article-growth,needs_review
eiu,,please write,verb-form,verb,chat,eiu asi MayekAma database-da candidate word ni.,build12-chat-article-growth,needs_review
eibirak-u,,please write for me,verb-form,verb,chat,eibirak-u asi MayekAma database-da candidate word ni.,build12-chat-article-growth,needs_review
einaba,,for writeing,verb-form,verb,chat,einaba asi MayekAma database-da candidate word ni.,build12-chat-article-growth,needs_review
tamli,,is learn teaching,verb-form,verb,chat,tamli asi MayekAma database-da candidate word ni.,build12-chat-article-growth,needs_review
tamle,,has learn teach / done,verb-form,verb,chat,tamle asi MayekAma database-da candidate word ni.,build12-chat-article-growth,needs_review
tamroi,,will not learn teach,verb-form,verb,chat,tamroi asi MayekAma database-da candidate word ni.,build12-chat-article-growth,needs_review
tamde,,does not learn teach,verb-form,verb,chat,tamde asi MayekAma database-da candidate word ni.,build12-chat-article-growth,needs_review
tamdra,,did not learn teach,verb-form,verb,chat,tamdra asi MayekAma database-da candidate word ni.,build12-chat-article-growth,needs_review
tamu,,please learn teach,verb-form,verb,chat,tamu asi MayekAma database-da candidate word ni.,build12-chat-article-growth,needs_review
tambirak-u,,please learn teach for me,verb-form,verb,chat,tambirak-u asi MayekAma database-da candidate word ni.,build12-chat-article-growth,needs_review
touli,,is doing,verb-form,verb,chat,touli asi MayekAma database-da candidate word ni.,build12-chat-article-growth,needs_review
touroi,,will not do,verb-form,verb,chat,touroi asi MayekAma database-da candidate word ni.,build12-chat-article-growth,needs_review
toude,,does not do,verb-form,verb,chat,toude asi MayekAma database-da candidate word ni.,build12-chat-article-growth,needs_review
toudra,,did not do,verb-form,verb,chat,toudra asi MayekAma database-da candidate word ni.,build12-chat-article-growth,needs_review
touu,,please do,verb-form,verb,chat,touu asi MayekAma database-da candidate word ni.,build12-chat-article-growth,needs_review
toubirak-u,,please do for me,verb-form,verb,chat,toubirak-u asi MayekAma database-da candidate word ni.,build12-chat-article-growth,needs_review
tounaba,,for doing,verb-form,verb,chat,tounaba asi MayekAma database-da candidate word ni.,build12-chat-article-growth,needs_review
pili,,is giveing,verb-form,verb,chat,pili asi MayekAma database-da candidate word ni.,build12-chat-article-growth,needs_review
pile,,has give / done,verb-form,verb,chat,pile asi MayekAma database-da candidate word ni.,build12-chat-article-growth,needs_review
piroi,,will not give,verb-form,verb,chat,piroi asi MayekAma database-da candidate word ni.,build12-chat-article-growth,needs_review
pide,,does not give,verb-form,verb,chat,pide asi MayekAma database-da candidate word ni.,build12-chat-article-growth,needs_review
pidra,,did not give,verb-form,verb,chat,pidra asi MayekAma database-da candidate word ni.,build12-chat-article-growth,needs_review
piu,,please give,verb-form,verb,chat,piu asi MayekAma database-da candidate word ni.,build12-chat-article-growth,needs_review
pibirak-u,,please give for me,verb-form,verb,chat,pibirak-u asi MayekAma database-da candidate word ni.,build12-chat-article-growth,needs_review
pinaba,,for giveing,verb-form,verb,chat,pinaba asi MayekAma database-da candidate word ni.,build12-chat-article-growth,needs_review
louli,,is takeing,verb-form,verb,chat,louli asi MayekAma database-da candidate word ni.,build12-chat-article-growth,needs_review
loule,,has take / done,verb-form,verb,chat,loule asi MayekAma database-da candidate word ni.,build12-chat-article-growth,needs_review
louroi,,will not take,verb-form,verb,chat,louroi asi MayekAma database-da candidate word ni.,build12-chat-article-growth,needs_review
loude,,does not take,verb-form,verb,chat,loude asi MayekAma database-da candidate word ni.,build12-chat-article-growth,needs_review
loudra,,did not take,verb-form,verb,chat,loudra asi MayekAma database-da candidate word ni.,build12-chat-article-growth,needs_review
louu,,please take,verb-form,verb,chat,louu asi MayekAma database-da candidate word ni.,build12-chat-article-growth,needs_review
loubirak-u,,please take for me,verb-form,verb,chat,loubirak-u asi MayekAma database-da candidate word ni.,build12-chat-article-growth,needs_review
lounaba,,for takeing,verb-form,verb,chat,lounaba asi MayekAma database-da candidate word ni.,build12-chat-article-growth,needs_review
thokba,,to come out,verb-form,verb,chat,thokba asi MayekAma database-da candidate word ni.,build12-chat-article-growth,needs_review
thokli,,is come outing,verb-form,verb,chat,thokli asi MayekAma database-da candidate word ni.,build12-chat-article-growth,needs_review
thokle,,has come out / done,verb-form,verb,chat,thokle asi MayekAma database-da candidate word ni.,build12-chat-article-growth,needs_review
thokre,,is come out / happened,verb-form,verb,chat,thokre asi MayekAma database-da candidate word ni.,build12-chat-article-growth,needs_review
thokgani,,will come out,verb-form,verb,chat,thokgani asi MayekAma database-da candidate word ni.,build12-chat-article-growth,needs_review
thokroi,,will not come out,verb-form,verb,chat,thokroi asi MayekAma database-da candidate word ni.,build12-chat-article-growth,needs_review
thokde,,does not come out,verb-form,verb,chat,thokde asi MayekAma database-da candidate word ni.,build12-chat-article-growth,needs_review
thokdra,,did not come out,verb-form,verb,chat,thokdra asi MayekAma database-da candidate word ni.,build12-chat-article-growth,needs_review
thoku,,please come out,verb-form,verb,chat,thoku asi MayekAma database-da candidate word ni.,build12-chat-article-growth,needs_review
thokbirak-u,,please come out for me,verb-form,verb,chat,thokbirak-u asi MayekAma database-da candidate word ni.,build12-chat-article-growth,needs_review
thoknaba,,for come outing,verb-form,verb,chat,thoknaba asi MayekAma database-da candidate word ni.,build12-chat-article-growth,needs_review
changli,,is entering,verb-form,verb,chat,changli asi MayekAma database-da candidate word ni.,build12-chat-article-growth,needs_review
changle,,has enter / done,verb-form,verb,chat,changle asi MayekAma database-da candidate word ni.,build12-chat-article-growth,needs_review
changre,,is enter / happened,verb-form,verb,chat,changre asi MayekAma database-da candidate word ni.,build12-chat-article-growth,needs_review
changgani,,will enter,verb-form,verb,chat,changgani asi MayekAma database-da candidate word ni.,build12-chat-article-growth,needs_review
changroi,,will not enter,verb-form,verb,chat,changroi asi MayekAma database-da candidate word ni.,build12-chat-article-growth,needs_review
changde,,does not enter,verb-form,verb,chat,changde asi MayekAma database-da candidate word ni.,build12-chat-article-growth,needs_review
changdra,,did not enter,verb-form,verb,chat,changdra asi MayekAma database-da candidate word ni.,build12-chat-article-growth,needs_review
changu,,please enter,verb-form,verb,chat,changu asi MayekAma database-da candidate word ni.,build12-chat-article-growth,needs_review
changbirak-u,,please enter for me,verb-form,verb,chat,changbirak-u asi MayekAma database-da candidate word ni.,build12-chat-article-growth,needs_review
changnaba,,for entering,verb-form,verb,chat,changnaba asi MayekAma database-da candidate word ni.,build12-chat-article-growth,needs_review
leili,,is stay being,verb-form,verb,chat,leili asi MayekAma database-da candidate word ni.,build12-chat-article-growth,needs_review
leile,,has stay be / done,verb-form,verb,chat,leile asi MayekAma database-da candidate word ni.,build12-chat-article-growth,needs_review
leiroi,,will not stay be,verb-form,verb,chat,leiroi asi MayekAma database-da candidate word ni.,build12-chat-article-growth,needs_review
leide,,does not stay be,verb-form,verb,chat,leide asi MayekAma database-da candidate word ni.,build12-chat-article-growth,needs_review
leidra,,did not stay be,verb-form,verb,chat,leidra asi MayekAma database-da candidate word ni.,build12-chat-article-growth,needs_review
leiu,,please stay be,verb-form,verb,chat,leiu asi MayekAma database-da candidate word ni.,build12-chat-article-growth,needs_review
leibirak-u,,please stay be for me,verb-form,verb,chat,leibirak-u asi MayekAma database-da candidate word ni.,build12-chat-article-growth,needs_review
leinaba,,for stay being,verb-form,verb,chat,leinaba asi MayekAma database-da candidate word ni.,build12-chat-article-growth,needs_review
phangli,,is get receiveing,verb-form,verb,chat,phangli asi MayekAma database-da candidate word ni.,build12-chat-article-growth,needs_review
phangroi,,will not get receive,verb-form,verb,chat,phangroi asi MayekAma database-da candidate word ni.,build12-chat-article-growth,needs_review
phangde,,does not get receive,verb-form,verb,chat,phangde asi MayekAma database-da candidate word ni.,build12-chat-article-growth,needs_review
phangdra,,did not get receive,verb-form,verb,chat,phangdra asi MayekAma database-da candidate word ni.,build12-chat-article-growth,needs_review
phangu,,please get receive,verb-form,verb,chat,phangu asi MayekAma database-da candidate word ni.,build12-chat-article-growth,needs_review
phangbirak-u,,please get receive for me,verb-form,verb,chat,phangbirak-u asi MayekAma database-da candidate word ni.,build12-chat-article-growth,needs_review
phangnaba,,for get receiveing,verb-form,verb,chat,phangnaba asi MayekAma database-da candidate word ni.,build12-chat-article-growth,needs_review
ningli,,is wish desireing,verb-form,verb,chat,ningli asi MayekAma database-da candidate word ni.,build12-chat-article-growth,needs_review
ningle,,has wish desire / done,verb-form,verb,chat,ningle asi MayekAma database-da candidate word ni.,build12-chat-article-growth,needs_review
ningroi,,will not wish desire,verb-form,verb,chat,ningroi asi MayekAma database-da candidate word ni.,build12-chat-article-growth,needs_review
ningde,,does not wish desire,verb-form,verb,chat,ningde asi MayekAma database-da candidate word ni.,build12-chat-article-growth,needs_review
ningdra,,did not wish desire,verb-form,verb,chat,ningdra asi MayekAma database-da candidate word ni.,build12-chat-article-growth,needs_review
ningu,,please wish desire,verb-form,verb,chat,ningu asi MayekAma database-da candidate word ni.,build12-chat-article-growth,needs_review
ningbirak-u,,please wish desire for me,verb-form,verb,chat,ningbirak-u asi MayekAma database-da candidate word ni.,build12-chat-article-growth,needs_review
ningnaba,,for wish desireing,verb-form,verb,chat,ningnaba asi MayekAma database-da candidate word ni.,build12-chat-article-growth,needs_review
pamli,,is wanting,verb-form,verb,chat,pamli asi MayekAma database-da candidate word ni.,build12-chat-article-growth,needs_review
pamle,,has want / done,verb-form,verb,chat,pamle asi MayekAma database-da candidate word ni.,build12-chat-article-growth,needs_review
pamroi,,will not want,verb-form,verb,chat,pamroi asi MayekAma database-da candidate word ni.,build12-chat-article-growth,needs_review
pamdra,,did not want,verb-form,verb,chat,pamdra asi MayekAma database-da candidate word ni.,build12-chat-article-growth,needs_review
pamu,,please want,verb-form,verb,chat,pamu asi MayekAma database-da candidate word ni.,build12-chat-article-growth,needs_review
pambirak-u,,please want for me,verb-form,verb,chat,pambirak-u asi MayekAma database-da candidate word ni.,build12-chat-article-growth,needs_review
pamnaba,,for wanting,verb-form,verb,chat,pamnaba asi MayekAma database-da candidate word ni.,build12-chat-article-growth,needs_review
ngaili,,is wait needing,verb-form,verb,chat,ngaili asi MayekAma database-da candidate word ni.,build12-chat-article-growth,needs_review
ngaile,,has wait need / done,verb-form,verb,chat,ngaile asi MayekAma database-da candidate word ni.,build12-chat-article-growth,needs_review
ngaire,,is wait need / happened,verb-form,verb,chat,ngaire asi MayekAma database-da candidate word ni.,build12-chat-article-growth,needs_review
ngaigani,,will wait need,verb-form,verb,chat,ngaigani asi MayekAma database-da candidate word ni.,build12-chat-article-growth,needs_review
ngairoi,,will not wait need,verb-form,verb,chat,ngairoi asi MayekAma database-da candidate word ni.,build12-chat-article-growth,needs_review
ngaide,,does not wait need,verb-form,verb,chat,ngaide asi MayekAma database-da candidate word ni.,build12-chat-article-growth,needs_review
ngaidra,,did not wait need,verb-form,verb,chat,ngaidra asi MayekAma database-da candidate word ni.,build12-chat-article-growth,needs_review
ngaiu,,please wait need,verb-form,verb,chat,ngaiu asi MayekAma database-da candidate word ni.,build12-chat-article-growth,needs_review
ngaibirak-u,,please wait need for me,verb-form,verb,chat,ngaibirak-u asi MayekAma database-da candidate word ni.,build12-chat-article-growth,needs_review
ngainaba,,for wait needing,verb-form,verb,chat,ngainaba asi MayekAma database-da candidate word ni.,build12-chat-article-growth,needs_review
khangli,,is knowing,verb-form,verb,chat,khangli asi MayekAma database-da candidate word ni.,build12-chat-article-growth,needs_review
khangroi,,will not know,verb-form,verb,chat,khangroi asi MayekAma database-da candidate word ni.,build12-chat-article-growth,needs_review
khangdra,,did not know,verb-form,verb,chat,khangdra asi MayekAma database-da candidate word ni.,build12-chat-article-growth,needs_review
khangu,,please know,verb-form,verb,chat,khangu asi MayekAma database-da candidate word ni.,build12-chat-article-growth,needs_review
khangbirak-u,,please know for me,verb-form,verb,chat,khangbirak-u asi MayekAma database-da candidate word ni.,build12-chat-article-growth,needs_review
khangnaba,,for knowing,verb-form,verb,chat,khangnaba asi MayekAma database-da candidate word ni.,build12-chat-article-growth,needs_review
ngaba,,to protect,verb-form,verb,chat,ngaba asi MayekAma database-da candidate word ni.,build12-chat-article-growth,needs_review
ngali,,is protecting,verb-form,verb,chat,ngali asi MayekAma database-da candidate word ni.,build12-chat-article-growth,needs_review
ngale,,has protect / done,verb-form,verb,chat,ngale asi MayekAma database-da candidate word ni.,build12-chat-article-growth,needs_review
ngare,,is protect / happened,verb-form,verb,chat,ngare asi MayekAma database-da candidate word ni.,build12-chat-article-growth,needs_review
ngagani,,will protect,verb-form,verb,chat,ngagani asi MayekAma database-da candidate word ni.,build12-chat-article-growth,needs_review
ngaroi,,will not protect,verb-form,verb,chat,ngaroi asi MayekAma database-da candidate word ni.,build12-chat-article-growth,needs_review
ngade,,does not protect,verb-form,verb,chat,ngade asi MayekAma database-da candidate word ni.,build12-chat-article-growth,needs_review
ngadra,,did not protect,verb-form,verb,chat,ngadra asi MayekAma database-da candidate word ni.,build12-chat-article-growth,needs_review
ngau,,please protect,verb-form,verb,chat,ngau asi MayekAma database-da candidate word ni.,build12-chat-article-growth,needs_review
ngabirak-u,,please protect for me,verb-form,verb,chat,ngabirak-u asi MayekAma database-da candidate word ni.,build12-chat-article-growth,needs_review
nganaba,,for protecting,verb-form,verb,chat,nganaba asi MayekAma database-da candidate word ni.,build12-chat-article-growth,needs_review
semli,,is make prepareing,verb-form,verb,chat,semli asi MayekAma database-da candidate word ni.,build12-chat-article-growth,needs_review
semroi,,will not make prepare,verb-form,verb,chat,semroi asi MayekAma database-da candidate word ni.,build12-chat-article-growth,needs_review
semde,,does not make prepare,verb-form,verb,chat,semde asi MayekAma database-da candidate word ni.,build12-chat-article-growth,needs_review
semdra,,did not make prepare,verb-form,verb,chat,semdra asi MayekAma database-da candidate word ni.,build12-chat-article-growth,needs_review
semu,,please make prepare,verb-form,verb,chat,semu asi MayekAma database-da candidate word ni.,build12-chat-article-growth,needs_review
sembirak-u,,please make prepare for me,verb-form,verb,chat,sembirak-u asi MayekAma database-da candidate word ni.,build12-chat-article-growth,needs_review
semnaba,,for make prepareing,verb-form,verb,chat,semnaba asi MayekAma database-da candidate word ni.,build12-chat-article-growth,needs_review
sinba,,to send,verb-form,verb,chat,sinba asi MayekAma database-da candidate word ni.,build12-chat-article-growth,needs_review
sinli,,is sending,verb-form,verb,chat,sinli asi MayekAma database-da candidate word ni.,build12-chat-article-growth,needs_review
sinle,,has send / done,verb-form,verb,chat,sinle asi MayekAma database-da candidate word ni.,build12-chat-article-growth,needs_review
sinre,,is send / happened,verb-form,verb,chat,sinre asi MayekAma database-da candidate word ni.,build12-chat-article-growth,needs_review
singani,,will send,verb-form,verb,chat,singani asi MayekAma database-da candidate word ni.,build12-chat-article-growth,needs_review
sinroi,,will not send,verb-form,verb,chat,sinroi asi MayekAma database-da candidate word ni.,build12-chat-article-growth,needs_review
sinde,,does not send,verb-form,verb,chat,sinde asi MayekAma database-da candidate word ni.,build12-chat-article-growth,needs_review
sindra,,did not send,verb-form,verb,chat,sindra asi MayekAma database-da candidate word ni.,build12-chat-article-growth,needs_review
sinu,,please send,verb-form,verb,chat,sinu asi MayekAma database-da candidate word ni.,build12-chat-article-growth,needs_review
sinbirak-u,,please send for me,verb-form,verb,chat,sinbirak-u asi MayekAma database-da candidate word ni.,build12-chat-article-growth,needs_review
sinnaba,,for sending,verb-form,verb,chat,sinnaba asi MayekAma database-da candidate word ni.,build12-chat-article-growth,needs_review
phonetouba,,to call phone,verb-form,verb,chat,phonetouba asi MayekAma database-da candidate word ni.,build12-chat-article-growth,needs_review
phonetouli,,is call phoneing,verb-form,verb,chat,phonetouli asi MayekAma database-da candidate word ni.,build12-chat-article-growth,needs_review
phonetoule,,has call phone / done,verb-form,verb,chat,phonetoule asi MayekAma database-da candidate word ni.,build12-chat-article-growth,needs_review
phonetoure,,is call phone / happened,verb-form,verb,chat,phonetoure asi MayekAma database-da candidate word ni.,build12-chat-article-growth,needs_review
phonetougani,,will call phone,verb-form,verb,chat,phonetougani asi MayekAma database-da candidate word ni.,build12-chat-article-growth,needs_review
phonetouroi,,will not call phone,verb-form,verb,chat,phonetouroi asi MayekAma database-da candidate word ni.,build12-chat-article-growth,needs_review
phonetoude,,does not call phone,verb-form,verb,chat,phonetoude asi MayekAma database-da candidate word ni.,build12-chat-article-growth,needs_review
phonetoudra,,did not call phone,verb-form,verb,chat,phonetoudra asi MayekAma database-da candidate word ni.,build12-chat-article-growth,needs_review
phonetouu,,please call phone,verb-form,verb,chat,phonetouu asi MayekAma database-da candidate word ni.,build12-chat-article-growth,needs_review
phonetoubirak-u,,please call phone for me,verb-form,verb,chat,phonetoubirak-u asi MayekAma database-da candidate word ni.,build12-chat-article-growth,needs_review
phonetounaba,,for call phoneing,verb-form,verb,chat,phonetounaba asi MayekAma database-da candidate word ni.,build12-chat-article-growth,needs_review
messagetouba,,to message,verb-form,verb,chat,messagetouba asi MayekAma database-da candidate word ni.,build12-chat-article-growth,needs_review
messagetouli,,is messageing,verb-form,verb,chat,messagetouli asi MayekAma database-da candidate word ni.,build12-chat-article-growth,needs_review
messagetoule,,has message / done,verb-form,verb,chat,messagetoule asi MayekAma database-da candidate word ni.,build12-chat-article-growth,needs_review
messagetoure,,is message / happened,verb-form,verb,chat,messagetoure asi MayekAma database-da candidate word ni.,build12-chat-article-growth,needs_review
messagetougani,,will message,verb-form,verb,chat,messagetougani asi MayekAma database-da candidate word ni.,build12-chat-article-growth,needs_review
messagetouroi,,will not message,verb-form,verb,chat,messagetouroi asi MayekAma database-da candidate word ni.,build12-chat-article-growth,needs_review
messagetoude,,does not message,verb-form,verb,chat,messagetoude asi MayekAma database-da candidate word ni.,build12-chat-article-growth,needs_review
messagetoudra,,did not message,verb-form,verb,chat,messagetoudra asi MayekAma database-da candidate word ni.,build12-chat-article-growth,needs_review
messagetouu,,please message,verb-form,verb,chat,messagetouu asi MayekAma database-da candidate word ni.,build12-chat-article-growth,needs_review
messagetoubirak-u,,please message for me,verb-form,verb,chat,messagetoubirak-u asi MayekAma database-da candidate word ni.,build12-chat-article-growth,needs_review
messagetounaba,,for messageing,verb-form,verb,chat,messagetounaba asi MayekAma database-da candidate word ni.,build12-chat-article-growth,needs_review
sharetouba,,to share,verb-form,verb,chat,sharetouba asi MayekAma database-da candidate word ni.,build12-chat-article-growth,needs_review
sharetouli,,is shareing,verb-form,verb,chat,sharetouli asi MayekAma database-da candidate word ni.,build12-chat-article-growth,needs_review
sharetoule,,has share / done,verb-form,verb,chat,sharetoule asi MayekAma database-da candidate word ni.,build12-chat-article-growth,needs_review
sharetoure,,is share / happened,verb-form,verb,chat,sharetoure asi MayekAma database-da candidate word ni.,build12-chat-article-growth,needs_review
sharetougani,,will share,verb-form,verb,chat,sharetougani asi MayekAma database-da candidate word ni.,build12-chat-article-growth,needs_review
sharetouroi,,will not share,verb-form,verb,chat,sharetouroi asi MayekAma database-da candidate word ni.,build12-chat-article-growth,needs_review
sharetoude,,does not share,verb-form,verb,chat,sharetoude asi MayekAma database-da candidate word ni.,build12-chat-article-growth,needs_review
sharetoudra,,did not share,verb-form,verb,chat,sharetoudra asi MayekAma database-da candidate word ni.,build12-chat-article-growth,needs_review
sharetouu,,please share,verb-form,verb,chat,sharetouu asi MayekAma database-da candidate word ni.,build12-chat-article-growth,needs_review
sharetoubirak-u,,please share for me,verb-form,verb,chat,sharetoubirak-u asi MayekAma database-da candidate word ni.,build12-chat-article-growth,needs_review
sharetounaba,,for shareing,verb-form,verb,chat,sharetounaba asi MayekAma database-da candidate word ni.,build12-chat-article-growth,needs_review
copytouba,,to copy,verb-form,verb,chat,copytouba asi MayekAma database-da candidate word ni.,build12-chat-article-growth,needs_review
copytouli,,is copying,verb-form,verb,chat,copytouli asi MayekAma database-da candidate word ni.,build12-chat-article-growth,needs_review
copytoule,,has copy / done,verb-form,verb,chat,copytoule asi MayekAma database-da candidate word ni.,build12-chat-article-growth,needs_review
copytoure,,is copy / happened,verb-form,verb,chat,copytoure asi MayekAma database-da candidate word ni.,build12-chat-article-growth,needs_review
copytougani,,will copy,verb-form,verb,chat,copytougani asi MayekAma database-da candidate word ni.,build12-chat-article-growth,needs_review
copytouroi,,will not copy,verb-form,verb,chat,copytouroi asi MayekAma database-da candidate word ni.,build12-chat-article-growth,needs_review
copytoude,,does not copy,verb-form,verb,chat,copytoude asi MayekAma database-da candidate word ni.,build12-chat-article-growth,needs_review
copytoudra,,did not copy,verb-form,verb,chat,copytoudra asi MayekAma database-da candidate word ni.,build12-chat-article-growth,needs_review
copytouu,,please copy,verb-form,verb,chat,copytouu asi MayekAma database-da candidate word ni.,build12-chat-article-growth,needs_review
copytoubirak-u,,please copy for me,verb-form,verb,chat,copytoubirak-u asi MayekAma database-da candidate word ni.,build12-chat-article-growth,needs_review
copytounaba,,for copying,verb-form,verb,chat,copytounaba asi MayekAma database-da candidate word ni.,build12-chat-article-growth,needs_review
savetouba,,to save,verb-form,verb,chat,savetouba asi MayekAma database-da candidate word ni.,build12-chat-article-growth,needs_review
savetouli,,is saveing,verb-form,verb,chat,savetouli asi MayekAma database-da candidate word ni.,build12-chat-article-growth,needs_review
savetoule,,has save / done,verb-form,verb,chat,savetoule asi MayekAma database-da candidate word ni.,build12-chat-article-growth,needs_review
savetoure,,is save / happened,verb-form,verb,chat,savetoure asi MayekAma database-da candidate word ni.,build12-chat-article-growth,needs_review
savetougani,,will save,verb-form,verb,chat,savetougani asi MayekAma database-da candidate word ni.,build12-chat-article-growth,needs_review
savetouroi,,will not save,verb-form,verb,chat,savetouroi asi MayekAma database-da candidate word ni.,build12-chat-article-growth,needs_review
savetoude,,does not save,verb-form,verb,chat,savetoude asi MayekAma database-da candidate word ni.,build12-chat-article-growth,needs_review
savetoudra,,did not save,verb-form,verb,chat,savetoudra asi MayekAma database-da candidate word ni.,build12-chat-article-growth,needs_review
savetouu,,please save,verb-form,verb,chat,savetouu asi MayekAma database-da candidate word ni.,build12-chat-article-growth,needs_review
savetoubirak-u,,please save for me,verb-form,verb,chat,savetoubirak-u asi MayekAma database-da candidate word ni.,build12-chat-article-growth,needs_review
savetounaba,,for saveing,verb-form,verb,chat,savetounaba asi MayekAma database-da candidate word ni.,build12-chat-article-growth,needs_review
downloadtouba,,to download,verb-form,verb,chat,downloadtouba asi MayekAma database-da candidate word ni.,build12-chat-article-growth,needs_review
downloadtouli,,is downloading,verb-form,verb,chat,downloadtouli asi MayekAma database-da candidate word ni.,build12-chat-article-growth,needs_review
downloadtoule,,has download / done,verb-form,verb,chat,downloadtoule asi MayekAma database-da candidate word ni.,build12-chat-article-growth,needs_review
downloadtoure,,is download / happened,verb-form,verb,chat,downloadtoure asi MayekAma database-da candidate word ni.,build12-chat-article-growth,needs_review
downloadtougani,,will download,verb-form,verb,chat,downloadtougani asi MayekAma database-da candidate word ni.,build12-chat-article-growth,needs_review
downloadtouroi,,will not download,verb-form,verb,chat,downloadtouroi asi MayekAma database-da candidate word ni.,build12-chat-article-growth,needs_review
downloadtoude,,does not download,verb-form,verb,chat,downloadtoude asi MayekAma database-da candidate word ni.,build12-chat-article-growth,needs_review
downloadtoudra,,did not download,verb-form,verb,chat,downloadtoudra asi MayekAma database-da candidate word ni.,build12-chat-article-growth,needs_review
downloadtouu,,please download,verb-form,verb,chat,downloadtouu asi MayekAma database-da candidate word ni.,build12-chat-article-growth,needs_review
downloadtoubirak-u,,please download for me,verb-form,verb,chat,downloadtoubirak-u asi MayekAma database-da candidate word ni.,build12-chat-article-growth,needs_review
downloadtounaba,,for downloading,verb-form,verb,chat,downloadtounaba asi MayekAma database-da candidate word ni.,build12-chat-article-growth,needs_review
installtouba,,to install,verb-form,verb,chat,installtouba asi MayekAma database-da candidate word ni.,build12-chat-article-growth,needs_review
installtouli,,is installing,verb-form,verb,chat,installtouli asi MayekAma database-da candidate word ni.,build12-chat-article-growth,needs_review
installtoule,,has install / done,verb-form,verb,chat,installtoule asi MayekAma database-da candidate word ni.,build12-chat-article-growth,needs_review
installtoure,,is install / happened,verb-form,verb,chat,installtoure asi MayekAma database-da candidate word ni.,build12-chat-article-growth,needs_review
installtougani,,will install,verb-form,verb,chat,installtougani asi MayekAma database-da candidate word ni.,build12-chat-article-growth,needs_review
installtouroi,,will not install,verb-form,verb,chat,installtouroi asi MayekAma database-da candidate word ni.,build12-chat-article-growth,needs_review
installtoude,,does not install,verb-form,verb,chat,installtoude asi MayekAma database-da candidate word ni.,build12-chat-article-growth,needs_review
installtoudra,,did not install,verb-form,verb,chat,installtoudra asi MayekAma database-da candidate word ni.,build12-chat-article-growth,needs_review
installtouu,,please install,verb-form,verb,chat,installtouu asi MayekAma database-da candidate word ni.,build12-chat-article-growth,needs_review
installtoubirak-u,,please install for me,verb-form,verb,chat,installtoubirak-u asi MayekAma database-da candidate word ni.,build12-chat-article-growth,needs_review
installtounaba,,for installing,verb-form,verb,chat,installtounaba asi MayekAma database-da candidate word ni.,build12-chat-article-growth,needs_review
logintouba,,to login,verb-form,verb,chat,logintouba asi MayekAma database-da candidate word ni.,build12-chat-article-growth,needs_review
logintouli,,is logining,verb-form,verb,chat,logintouli asi MayekAma database-da candidate word ni.,build12-chat-article-growth,needs_review
logintoule,,has login / done,verb-form,verb,chat,logintoule asi MayekAma database-da candidate word ni.,build12-chat-article-growth,needs_review
logintoure,,is login / happened,verb-form,verb,chat,logintoure asi MayekAma database-da candidate word ni.,build12-chat-article-growth,needs_review
logintougani,,will login,verb-form,verb,chat,logintougani asi MayekAma database-da candidate word ni.,build12-chat-article-growth,needs_review
logintouroi,,will not login,verb-form,verb,chat,logintouroi asi MayekAma database-da candidate word ni.,build12-chat-article-growth,needs_review
logintoude,,does not login,verb-form,verb,chat,logintoude asi MayekAma database-da candidate word ni.,build12-chat-article-growth,needs_review
logintoudra,,did not login,verb-form,verb,chat,logintoudra asi MayekAma database-da candidate word ni.,build12-chat-article-growth,needs_review
logintouu,,please login,verb-form,verb,chat,logintouu asi MayekAma database-da candidate word ni.,build12-chat-article-growth,needs_review
logintoubirak-u,,please login for me,verb-form,verb,chat,logintoubirak-u asi MayekAma database-da candidate word ni.,build12-chat-article-growth,needs_review
logintounaba,,for logining,verb-form,verb,chat,logintounaba asi MayekAma database-da candidate word ni.,build12-chat-article-growth,needs_review
logouttouba,,to logout,verb-form,verb,chat,logouttouba asi MayekAma database-da candidate word ni.,build12-chat-article-growth,needs_review
logouttouli,,is logouting,verb-form,verb,chat,logouttouli asi MayekAma database-da candidate word ni.,build12-chat-article-growth,needs_review
logouttoule,,has logout / done,verb-form,verb,chat,logouttoule asi MayekAma database-da candidate word ni.,build12-chat-article-growth,needs_review
logouttoure,,is logout / happened,verb-form,verb,chat,logouttoure asi MayekAma database-da candidate word ni.,build12-chat-article-growth,needs_review
logouttougani,,will logout,verb-form,verb,chat,logouttougani asi MayekAma database-da candidate word ni.,build12-chat-article-growth,needs_review
logouttouroi,,will not logout,verb-form,verb,chat,logouttouroi asi MayekAma database-da candidate word ni.,build12-chat-article-growth,needs_review
logouttoude,,does not logout,verb-form,verb,chat,logouttoude asi MayekAma database-da candidate word ni.,build12-chat-article-growth,needs_review
logouttoudra,,did not logout,verb-form,verb,chat,logouttoudra asi MayekAma database-da candidate word ni.,build12-chat-article-growth,needs_review
logouttouu,,please logout,verb-form,verb,chat,logouttouu asi MayekAma database-da candidate word ni.,build12-chat-article-growth,needs_review
logouttoubirak-u,,please logout for me,verb-form,verb,chat,logouttoubirak-u asi MayekAma database-da candidate word ni.,build12-chat-article-growth,needs_review
logouttounaba,,for logouting,verb-form,verb,chat,logouttounaba asi MayekAma database-da candidate word ni.,build12-chat-article-growth,needs_review
uploadtouba,,to upload,verb-form,verb,chat,uploadtouba asi MayekAma database-da candidate word ni.,build12-chat-article-growth,needs_review
uploadtouli,,is uploading,verb-form,verb,chat,uploadtouli asi MayekAma database-da candidate word ni.,build12-chat-article-growth,needs_review
uploadtoule,,has upload / done,verb-form,verb,chat,uploadtoule asi MayekAma database-da candidate word ni.,build12-chat-article-growth,needs_review
uploadtoure,,is upload / happened,verb-form,verb,chat,uploadtoure asi MayekAma database-da candidate word ni.,build12-chat-article-growth,needs_review
uploadtougani,,will upload,verb-form,verb,chat,uploadtougani asi MayekAma database-da candidate word ni.,build12-chat-article-growth,needs_review
uploadtouroi,,will not upload,verb-form,verb,chat,uploadtouroi asi MayekAma database-da candidate word ni.,build12-chat-article-growth,needs_review
uploadtoude,,does not upload,verb-form,verb,chat,uploadtoude asi MayekAma database-da candidate word ni.,build12-chat-article-growth,needs_review
uploadtoudra,,did not upload,verb-form,verb,chat,uploadtoudra asi MayekAma database-da candidate word ni.,build12-chat-article-growth,needs_review
uploadtouu,,please upload,verb-form,verb,chat,uploadtouu asi MayekAma database-da candidate word ni.,build12-chat-article-growth,needs_review
uploadtoubirak-u,,please upload for me,verb-form,verb,chat,uploadtoubirak-u asi MayekAma database-da candidate word ni.,build12-chat-article-growth,needs_review
uploadtounaba,,for uploading,verb-form,verb,chat,uploadtounaba asi MayekAma database-da candidate word ni.,build12-chat-article-growth,needs_review
eina chali,,eina eating,phrase,chat,chat,eina chali asi MayekAma database-da candidate word ni.,build12-chat-article-growth,needs_review
eina thakli,,eina drinking,phrase,chat,chat,eina thakli asi MayekAma database-da candidate word ni.,build12-chat-article-growth,needs_review
eina tumli,,eina sleeping,phrase,chat,chat,eina tumli asi MayekAma database-da candidate word ni.,build12-chat-article-growth,needs_review
eina touri,,eina doing,phrase,chat,chat,eina touri asi MayekAma database-da candidate word ni.,build12-chat-article-growth,needs_review
eina paari,,eina reading,phrase,chat,chat,eina paari asi MayekAma database-da candidate word ni.,build12-chat-article-growth,needs_review
eina eiri,,eina writing,phrase,chat,chat,eina eiri asi MayekAma database-da candidate word ni.,build12-chat-article-growth,needs_review
eina ngairi,,eina waiting,phrase,chat,chat,eina ngairi asi MayekAma database-da candidate word ni.,build12-chat-article-growth,needs_review
eina leiri,,eina staying,phrase,chat,chat,eina leiri asi MayekAma database-da candidate word ni.,build12-chat-article-growth,needs_review
nangna chatli,,nangna going,phrase,chat,chat,nangna chatli asi MayekAma database-da candidate word ni.,build12-chat-article-growth,needs_review
nangna lakli,,nangna coming,phrase,chat,chat,nangna lakli asi MayekAma database-da candidate word ni.,build12-chat-article-growth,needs_review
nangna chali,,nangna eating,phrase,chat,chat,nangna chali asi MayekAma database-da candidate word ni.,build12-chat-article-growth,needs_review
nangna thakli,,nangna drinking,phrase,chat,chat,nangna thakli asi MayekAma database-da candidate word ni.,build12-chat-article-growth,needs_review
nangna tumli,,nangna sleeping,phrase,chat,chat,nangna tumli asi MayekAma database-da candidate word ni.,build12-chat-article-growth,needs_review
nangna touri,,nangna doing,phrase,chat,chat,nangna touri asi MayekAma database-da candidate word ni.,build12-chat-article-growth,needs_review
nangna paari,,nangna reading,phrase,chat,chat,nangna paari asi MayekAma database-da candidate word ni.,build12-chat-article-growth,needs_review
nangna eiri,,nangna writing,phrase,chat,chat,nangna eiri asi MayekAma database-da candidate word ni.,build12-chat-article-growth,needs_review
nangna ngairi,,nangna waiting,phrase,chat,chat,nangna ngairi asi MayekAma database-da candidate word ni.,build12-chat-article-growth,needs_review
nangna leiri,,nangna staying,phrase,chat,chat,nangna leiri asi MayekAma database-da candidate word ni.,build12-chat-article-growth,needs_review
adomna chatli,,adomna going,phrase,chat,chat,adomna chatli asi MayekAma database-da candidate word ni.,build12-chat-article-growth,needs_review
adomna lakli,,adomna coming,phrase,chat,chat,adomna lakli asi MayekAma database-da candidate word ni.,build12-chat-article-growth,needs_review
adomna chali,,adomna eating,phrase,chat,chat,adomna chali asi MayekAma database-da candidate word ni.,build12-chat-article-growth,needs_review
adomna thakli,,adomna drinking,phrase,chat,chat,adomna thakli asi MayekAma database-da candidate word ni.,build12-chat-article-growth,needs_review
adomna tumli,,adomna sleeping,phrase,chat,chat,adomna tumli asi MayekAma database-da candidate word ni.,build12-chat-article-growth,needs_review
adomna touri,,adomna doing,phrase,chat,chat,adomna touri asi MayekAma database-da candidate word ni.,build12-chat-article-growth,needs_review
adomna paari,,adomna reading,phrase,chat,chat,adomna paari asi MayekAma database-da candidate word ni.,build12-chat-article-growth,needs_review
adomna eiri,,adomna writing,phrase,chat,chat,adomna eiri asi MayekAma database-da candidate word ni.,build12-chat-article-growth,needs_review
adomna ngairi,,adomna waiting,phrase,chat,chat,adomna ngairi asi MayekAma database-da candidate word ni.,build12-chat-article-growth,needs_review
adomna leiri,,adomna staying,phrase,chat,chat,adomna leiri asi MayekAma database-da candidate word ni.,build12-chat-article-growth,needs_review
mana chatli,,mana going,phrase,chat,chat,mana chatli asi MayekAma database-da candidate word ni.,build12-chat-article-growth,needs_review
mana lakli,,mana coming,phrase,chat,chat,mana lakli asi MayekAma database-da candidate word ni.,build12-chat-article-growth,needs_review
mana chali,,mana eating,phrase,chat,chat,mana chali asi MayekAma database-da candidate word ni.,build12-chat-article-growth,needs_review
mana thakli,,mana drinking,phrase,chat,chat,mana thakli asi MayekAma database-da candidate word ni.,build12-chat-article-growth,needs_review
mana tumli,,mana sleeping,phrase,chat,chat,mana tumli asi MayekAma database-da candidate word ni.,build12-chat-article-growth,needs_review
mana touri,,mana doing,phrase,chat,chat,mana touri asi MayekAma database-da candidate word ni.,build12-chat-article-growth,needs_review
mana paari,,mana reading,phrase,chat,chat,mana paari asi MayekAma database-da candidate word ni.,build12-chat-article-growth,needs_review
mana eiri,,mana writing,phrase,chat,chat,mana eiri asi MayekAma database-da candidate word ni.,build12-chat-article-growth,needs_review
mana ngairi,,mana waiting,phrase,chat,chat,mana ngairi asi MayekAma database-da candidate word ni.,build12-chat-article-growth,needs_review
mana leiri,,mana staying,phrase,chat,chat,mana leiri asi MayekAma database-da candidate word ni.,build12-chat-article-growth,needs_review
eikhoina chatli,,eikhoina going,phrase,chat,chat,eikhoina chatli asi MayekAma database-da candidate word ni.,build12-chat-article-growth,needs_review
eikhoina lakli,,eikhoina coming,phrase,chat,chat,eikhoina lakli asi MayekAma database-da candidate word ni.,build12-chat-article-growth,needs_review
eikhoina chali,,eikhoina eating,phrase,chat,chat,eikhoina chali asi MayekAma database-da candidate word ni.,build12-chat-article-growth,needs_review
eikhoina thakli,,eikhoina drinking,phrase,chat,chat,eikhoina thakli asi MayekAma database-da candidate word ni.,build12-chat-article-growth,needs_review
eikhoina tumli,,eikhoina sleeping,phrase,chat,chat,eikhoina tumli asi MayekAma database-da candidate word ni.,build12-chat-article-growth,needs_review
eikhoina touri,,eikhoina doing,phrase,chat,chat,eikhoina touri asi MayekAma database-da candidate word ni.,build12-chat-article-growth,needs_review
eikhoina paari,,eikhoina reading,phrase,chat,chat,eikhoina paari asi MayekAma database-da candidate word ni.,build12-chat-article-growth,needs_review
eikhoina eiri,,eikhoina writing,phrase,chat,chat,eikhoina eiri asi MayekAma database-da candidate word ni.,build12-chat-article-growth,needs_review
eikhoina ngairi,,eikhoina waiting,phrase,chat,chat,eikhoina ngairi asi MayekAma database-da candidate word ni.,build12-chat-article-growth,needs_review
eikhoina leiri,,eikhoina staying,phrase,chat,chat,eikhoina leiri asi MayekAma database-da candidate word ni.,build12-chat-article-growth,needs_review
makhoina chatli,,makhoina going,phrase,chat,chat,makhoina chatli asi MayekAma database-da candidate word ni.,build12-chat-article-growth,needs_review
makhoina lakli,,makhoina coming,phrase,chat,chat,makhoina lakli asi MayekAma database-da candidate word ni.,build12-chat-article-growth,needs_review
makhoina chali,,makhoina eating,phrase,chat,chat,makhoina chali asi MayekAma database-da candidate word ni.,build12-chat-article-growth,needs_review
makhoina thakli,,makhoina drinking,phrase,chat,chat,makhoina thakli asi MayekAma database-da candidate word ni.,build12-chat-article-growth,needs_review
makhoina tumli,,makhoina sleeping,phrase,chat,chat,makhoina tumli asi MayekAma database-da candidate word ni.,build12-chat-article-growth,needs_review
makhoina touri,,makhoina doing,phrase,chat,chat,makhoina touri asi MayekAma database-da candidate word ni.,build12-chat-article-growth,needs_review
makhoina paari,,makhoina reading,phrase,chat,chat,makhoina paari asi MayekAma database-da candidate word ni.,build12-chat-article-growth,needs_review
makhoina eiri,,makhoina writing,phrase,chat,chat,makhoina eiri asi MayekAma database-da candidate word ni.,build12-chat-article-growth,needs_review
makhoina ngairi,,makhoina waiting,phrase,chat,chat,makhoina ngairi asi MayekAma database-da candidate word ni.,build12-chat-article-growth,needs_review
makhoina leiri,,makhoina staying,phrase,chat,chat,makhoina leiri asi MayekAma database-da candidate word ni.,build12-chat-article-growth,needs_review
school-da chatli,,going at school-da,phrase,daily-place,chat,school-da chatli asi MayekAma database-da candidate word ni.,build12-chat-article-growth,needs_review
school-da lakli,,coming at school-da,phrase,daily-place,chat,school-da lakli asi MayekAma database-da candidate word ni.,build12-chat-article-growth,needs_review
school-da leiri,,is there at school-da,phrase,daily-place,chat,school-da leiri asi MayekAma database-da candidate word ni.,build12-chat-article-growth,needs_review
school-da ngairi,,waiting there at school-da,phrase,daily-place,chat,school-da ngairi asi MayekAma database-da candidate word ni.,build12-chat-article-growth,needs_review
office-da chatli,,going at office-da,phrase,daily-place,chat,office-da chatli asi MayekAma database-da candidate word ni.,build12-chat-article-growth,needs_review
office-da lakli,,coming at office-da,phrase,daily-place,chat,office-da lakli asi MayekAma database-da candidate word ni.,build12-chat-article-growth,needs_review
office-da leiri,,is there at office-da,phrase,daily-place,chat,office-da leiri asi MayekAma database-da candidate word ni.,build12-chat-article-growth,needs_review
office-da ngairi,,waiting there at office-da,phrase,daily-place,chat,office-da ngairi asi MayekAma database-da candidate word ni.,build12-chat-article-growth,needs_review
yum-da chatli,,going at yum-da,phrase,daily-place,chat,yum-da chatli asi MayekAma database-da candidate word ni.,build12-chat-article-growth,needs_review
yum-da lakli,,coming at yum-da,phrase,daily-place,chat,yum-da lakli asi MayekAma database-da candidate word ni.,build12-chat-article-growth,needs_review
yum-da leiri,,is there at yum-da,phrase,daily-place,chat,yum-da leiri asi MayekAma database-da candidate word ni.,build12-chat-article-growth,needs_review
yum-da ngairi,,waiting there at yum-da,phrase,daily-place,chat,yum-da ngairi asi MayekAma database-da candidate word ni.,build12-chat-article-growth,needs_review
market-ta chatli,,going at market-ta,phrase,daily-place,chat,market-ta chatli asi MayekAma database-da candidate word ni.,build12-chat-article-growth,needs_review
market-ta lakli,,coming at market-ta,phrase,daily-place,chat,market-ta lakli asi MayekAma database-da candidate word ni.,build12-chat-article-growth,needs_review
market-ta leiri,,is there at market-ta,phrase,daily-place,chat,market-ta leiri asi MayekAma database-da candidate word ni.,build12-chat-article-growth,needs_review
market-ta ngairi,,waiting there at market-ta,phrase,daily-place,chat,market-ta ngairi asi MayekAma database-da candidate word ni.,build12-chat-article-growth,needs_review
imphal-da chatli,,going at imphal-da,phrase,daily-place,chat,imphal-da chatli asi MayekAma database-da candidate word ni.,build12-chat-article-growth,needs_review
imphal-da lakli,,coming at imphal-da,phrase,daily-place,chat,imphal-da lakli asi MayekAma database-da candidate word ni.,build12-chat-article-growth,needs_review
imphal-da leiri,,is there at imphal-da,phrase,daily-place,chat,imphal-da leiri asi MayekAma database-da candidate word ni.,build12-chat-article-growth,needs_review
imphal-da ngairi,,waiting there at imphal-da,phrase,daily-place,chat,imphal-da ngairi asi MayekAma database-da candidate word ni.,build12-chat-article-growth,needs_review
meeting-da chatli,,going at meeting-da,phrase,daily-place,chat,meeting-da chatli asi MayekAma database-da candidate word ni.,build12-chat-article-growth,needs_review
meeting-da lakli,,coming at meeting-da,phrase,daily-place,chat,meeting-da lakli asi MayekAma database-da candidate word ni.,build12-chat-article-growth,needs_review
meeting-da leiri,,is there at meeting-da,phrase,daily-place,chat,meeting-da leiri asi MayekAma database-da candidate word ni.,build12-chat-article-growth,needs_review
meeting-da ngairi,,waiting there at meeting-da,phrase,daily-place,chat,meeting-da ngairi asi MayekAma database-da candidate word ni.,build12-chat-article-growth,needs_review
class-ta chatli,,going at class-ta,phrase,daily-place,chat,class-ta chatli asi MayekAma database-da candidate word ni.,build12-chat-article-growth,needs_review
class-ta lakli,,coming at class-ta,phrase,daily-place,chat,class-ta lakli asi MayekAma database-da candidate word ni.,build12-chat-article-growth,needs_review
class-ta leiri,,is there at class-ta,phrase,daily-place,chat,class-ta leiri asi MayekAma database-da candidate word ni.,build12-chat-article-growth,needs_review
class-ta ngairi,,waiting there at class-ta,phrase,daily-place,chat,class-ta ngairi asi MayekAma database-da candidate word ni.,build12-chat-article-growth,needs_review
hospital-da chatli,,going at hospital-da,phrase,daily-place,chat,hospital-da chatli asi MayekAma database-da candidate word ni.,build12-chat-article-growth,needs_review
hospital-da lakli,,coming at hospital-da,phrase,daily-place,chat,hospital-da lakli asi MayekAma database-da candidate word ni.,build12-chat-article-growth,needs_review
hospital-da leiri,,is there at hospital-da,phrase,daily-place,chat,hospital-da leiri asi MayekAma database-da candidate word ni.,build12-chat-article-growth,needs_review
hospital-da ngairi,,waiting there at hospital-da,phrase,daily-place,chat,hospital-da ngairi asi MayekAma database-da candidate word ni.,build12-chat-article-growth,needs_review
mama,,uncle,noun,people,chat,mama asi MayekAma database-da candidate word ni.,build12-chat-article-growth,needs_review
mami,,aunt,noun,people,chat,mami asi MayekAma database-da candidate word ni.,build12-chat-article-growth,needs_review
pabung,,grandfather,noun,people,chat,pabung asi MayekAma database-da candidate word ni.,build12-chat-article-growth,needs_review
abok,,grandmother,noun,people,chat,abok asi MayekAma database-da candidate word ni.,build12-chat-article-growth,needs_review
nupimacha,,girl,noun,people,chat,nupimacha asi MayekAma database-da candidate word ni.,build12-chat-article-growth,needs_review
anganba,,young,noun,people,chat,anganba asi MayekAma database-da candidate word ni.,build12-chat-article-growth,needs_review
ahalba,,old elder,noun,people,chat,ahalba asi MayekAma database-da candidate word ni.,build12-chat-article-growth,needs_review
mapuroiba,,husband,noun,people,chat,mapuroiba asi MayekAma database-da candidate word ni.,build12-chat-article-growth,needs_review
nupi mapuroibi,,wife,noun,people,chat,nupi mapuroibi asi MayekAma database-da candidate word ni.,build12-chat-article-growth,needs_review
mayam,,public people,noun,people,chat,mayam asi MayekAma database-da candidate word ni.,build12-chat-article-growth,needs_review
nurse,,nurse,noun,people,chat,nurse asi MayekAma database-da candidate word ni.,build12-chat-article-growth,needs_review
shopkeeper,,shopkeeper,noun,people,chat,shopkeeper asi MayekAma database-da candidate word ni.,build12-chat-article-growth,needs_review
ising,,water,noun,daily-object,chat,ising asi MayekAma database-da candidate word ni.,build12-chat-article-growth,needs_review
utong,,eggplant,noun,daily-object,chat,utong asi MayekAma database-da candidate word ni.,build12-chat-article-growth,needs_review
alu,,potato,noun,daily-object,chat,alu asi MayekAma database-da candidate word ni.,build12-chat-article-growth,needs_review
hawai,,pulse bean,noun,daily-object,chat,hawai asi MayekAma database-da candidate word ni.,build12-chat-article-growth,needs_review
maroi,,spice,noun,daily-object,chat,maroi asi MayekAma database-da candidate word ni.,build12-chat-article-growth,needs_review
mangra,,rice beer / fermented drink review,noun,daily-object,chat,mangra asi MayekAma database-da candidate word ni.,build12-chat-article-growth,needs_review
thabak,,work,noun,daily-object,chat,thabak asi MayekAma database-da candidate word ni.,build12-chat-article-growth,needs_review
phamung,,room,noun,daily-object,chat,phamung asi MayekAma database-da candidate word ni.,build12-chat-article-growth,needs_review
leirak,,locality lane,noun,daily-object,chat,leirak asi MayekAma database-da candidate word ni.,build12-chat-article-growth,needs_review
dukan,,shop,noun,daily-object,chat,dukan asi MayekAma database-da candidate word ni.,build12-chat-article-growth,needs_review
chair,,chair,noun,daily-object,chat,chair asi MayekAma database-da candidate word ni.,build12-chat-article-growth,needs_review
table,,table,noun,daily-object,chat,table asi MayekAma database-da candidate word ni.,build12-chat-article-growth,needs_review
bed,,bed,noun,daily-object,chat,bed asi MayekAma database-da candidate word ni.,build12-chat-article-growth,needs_review
door,,door,noun,daily-object,chat,door asi MayekAma database-da candidate word ni.,build12-chat-article-growth,needs_review
window,,window,noun,daily-object,chat,window asi MayekAma database-da candidate word ni.,build12-chat-article-growth,needs_review
fan,,fan,noun,daily-object,chat,fan asi MayekAma database-da candidate word ni.,build12-chat-article-growth,needs_review
ac,,air conditioner,noun,daily-object,chat,ac asi MayekAma database-da candidate word ni.,build12-chat-article-growth,needs_review
thamoi,,heart,noun,health,chat,thamoi asi MayekAma database-da candidate word ni.,build12-chat-article-growth,needs_review
thabak changba,,tiredness,noun,health,chat,thabak changba asi MayekAma database-da candidate word ni.,build12-chat-article-growth,needs_review
nasa,,pain,noun,health,chat,nasa asi MayekAma database-da candidate word ni.,build12-chat-article-growth,needs_review
khongna,,by foot,noun,health,chat,khongna asi MayekAma database-da candidate word ni.,build12-chat-article-growth,needs_review
mitna,,by eye,noun,health,chat,mitna asi MayekAma database-da candidate word ni.,build12-chat-article-growth,needs_review
lai,,medicine,noun,health,chat,lai asi MayekAma database-da candidate word ni.,build12-chat-article-growth,needs_review
pain,,pain,noun,health,chat,pain asi MayekAma database-da candidate word ni.,build12-chat-article-growth,needs_review
back pain,,back pain,noun,health,chat,back pain asi MayekAma database-da candidate word ni.,build12-chat-article-growth,needs_review
knee pain,,knee pain,noun,health,chat,knee pain asi MayekAma database-da candidate word ni.,build12-chat-article-growth,needs_review
doctor-da chatpa,,go to doctor,noun,health,chat,doctor-da chatpa asi MayekAma database-da candidate word ni.,build12-chat-article-growth,needs_review
lai thakpa,,take medicine,noun,health,chat,lai thakpa asi MayekAma database-da candidate word ni.,build12-chat-article-growth,needs_review
application,,application,noun,writing,formal,application asi MayekAma database-da candidate word ni.,build12-chat-article-growth,needs_review
news,,news,noun,writing,formal,news asi MayekAma database-da candidate word ni.,build12-chat-article-growth,needs_review
report,,report,noun,writing,formal,report asi MayekAma database-da candidate word ni.,build12-chat-article-growth,needs_review
edit,,edit,noun,writing,formal,edit asi MayekAma database-da candidate word ni.,build12-chat-article-growth,needs_review
publish,,publish,noun,writing,formal,publish asi MayekAma database-da candidate word ni.,build12-chat-article-growth,needs_review
transliterate,,transliterate,noun,writing,formal,transliterate asi MayekAma database-da candidate word ni.,build12-chat-article-growth,needs_review
meitei mayek,,Meitei Mayek script,noun,writing,formal,meitei mayek asi MayekAma database-da candidate word ni.,build12-chat-article-growth,needs_review
data,,data,noun,technology,chat,data asi MayekAma database-da candidate word ni.,build12-chat-article-growth,needs_review
wifi,,wifi,noun,technology,chat,wifi asi MayekAma database-da candidate word ni.,build12-chat-article-growth,needs_review
post,,post,noun,technology,chat,post asi MayekAma database-da candidate word ni.,build12-chat-article-growth,needs_review
settings,,settings,noun,technology,chat,settings asi MayekAma database-da candidate word ni.,build12-chat-article-growth,needs_review
notification,,notification,noun,technology,chat,notification asi MayekAma database-da candidate word ni.,build12-chat-article-growth,needs_review
account,,account,noun,technology,chat,account asi MayekAma database-da candidate word ni.,build12-chat-article-growth,needs_review
profile,,profile,noun,technology,chat,profile asi MayekAma database-da candidate word ni.,build12-chat-article-growth,needs_review
comment touba,,to comment,noun,technology,chat,comment touba asi MayekAma database-da candidate word ni.,build12-chat-article-growth,needs_review
like touba,,to like,noun,technology,chat,like touba asi MayekAma database-da candidate word ni.,build12-chat-article-growth,needs_review
kwakeithel,,kwakeithel place name,proper-noun,place,chat,kwakeithel asi MayekAma database-da candidate word ni.,build12-chat-article-growth,needs_review
uripok,,uripok place name,proper-noun,place,chat,uripok asi MayekAma database-da candidate word ni.,build12-chat-article-growth,needs_review
sagolband,,sagolband place name,proper-noun,place,chat,sagolband asi MayekAma database-da candidate word ni.,build12-chat-article-growth,needs_review
heingang,,heingang place name,proper-noun,place,chat,heingang asi MayekAma database-da candidate word ni.,build12-chat-article-growth,needs_review
wangkhei,,wangkhei place name,proper-noun,place,chat,wangkhei asi MayekAma database-da candidate word ni.,build12-chat-article-growth,needs_review
nungaijare,,happy pleased,phrase,chat-phrase,chat,nungaijare asi MayekAma database-da candidate word ni.,build12-chat-article-growth,needs_review
khurumjari adom,,respectful greetings to you,phrase,chat-phrase,chat,khurumjari adom asi MayekAma database-da candidate word ni.,build12-chat-article-growth,needs_review
adom kamdouri,,how are you respectful,phrase,chat-phrase,chat,adom kamdouri asi MayekAma database-da candidate word ni.,build12-chat-article-growth,needs_review
eina fare,,I am fine,phrase,chat-phrase,chat,eina fare asi MayekAma database-da candidate word ni.,build12-chat-article-growth,needs_review
eina khangle,,I understood,phrase,chat-phrase,chat,eina khangle asi MayekAma database-da candidate word ni.,build12-chat-article-growth,needs_review
nang kamdouri,,how are you,phrase,chat-phrase,chat,nang kamdouri asi MayekAma database-da candidate word ni.,build12-chat-article-growth,needs_review
nang laklibra,,are you coming,phrase,chat-phrase,chat,nang laklibra asi MayekAma database-da candidate word ni.,build12-chat-article-growth,needs_review
nang chatlibra,,are you going,phrase,chat-phrase,chat,nang chatlibra asi MayekAma database-da candidate word ni.,build12-chat-article-growth,needs_review
matam kayada laklibra,,what time are you coming,phrase,chat-phrase,chat,matam kayada laklibra asi MayekAma database-da candidate word ni.,build12-chat-article-growth,needs_review
meeting matam kayada,,what time is the meeting,phrase,chat-phrase,chat,meeting matam kayada asi MayekAma database-da candidate word ni.,build12-chat-article-growth,needs_review
kari matam oigani,,what time will it be,phrase,chat-phrase,chat,kari matam oigani asi MayekAma database-da candidate word ni.,build12-chat-article-growth,needs_review
ngasi kari tougani,,what will we do today,phrase,chat-phrase,chat,ngasi kari tougani asi MayekAma database-da candidate word ni.,build12-chat-article-growth,needs_review
hayeng kadaida leigani,,where will it be tomorrow,phrase,chat-phrase,chat,hayeng kadaida leigani asi MayekAma database-da candidate word ni.,build12-chat-article-growth,needs_review
eina article ama i,,I write an article,phrase,chat-phrase,chat,eina article ama i asi MayekAma database-da candidate word ni.,build12-chat-article-growth,needs_review
eina lairik ama i,,I write a book,phrase,chat-phrase,chat,eina lairik ama i asi MayekAma database-da candidate word ni.,build12-chat-article-growth,needs_review
wareng asi phajei,,this article is good,phrase,chat-phrase,chat,wareng asi phajei asi MayekAma database-da candidate word ni.,build12-chat-article-growth,needs_review
spelling asi chumme,,this spelling is correct,phrase,chat-phrase,chat,spelling asi chumme asi MayekAma database-da candidate word ni.,build12-chat-article-growth,needs_review
spelling asi chumde,,this spelling is not correct,phrase,chat-phrase,chat,spelling asi chumde asi MayekAma database-da candidate word ni.,build12-chat-article-growth,needs_review
database-da leire,,it exists in the database,phrase,chat-phrase,chat,database-da leire asi MayekAma database-da candidate word ni.,build12-chat-article-growth,needs_review
database-da leitre,,it is not in the database,phrase,chat-phrase,chat,database-da leitre asi MayekAma database-da candidate word ni.,build12-chat-article-growth,needs_review
temporary word submit toure,,temporary word submitted,phrase,chat-phrase,chat,temporary word submit toure asi MayekAma database-da candidate word ni.,build12-chat-article-growth,needs_review
mayekama keyboard sijinnou,,use MayekAma keyboard,phrase,chat-phrase,chat,mayekama keyboard sijinnou asi MayekAma database-da candidate word ni.,build12-chat-article-growth,needs_review
